epochs,nll-oracle,nll-test,EmbeddingSimilarity,tei,
1,10.801351,7.603778,-0.20958176819813557,1.8122876763343811,
2,10.809265,7.6073685,-0.21181217789151058,1.1330354372660318,
